9562;-156.29245139570838
9563;-162.69465723031985
9564;-169.04730469627017
9565;-175.34845871563255
9566;-181.59619989581103
9567;-187.78862511435958
9568;-193.923848098529
9569;-199.99999999999508
9570;-206.01522996401766
9571;-211.96770569327884
9572;-217.85561400600858
9573;-223.6771613882973
9574;-229.4305745404178
9575;-235.11410091698943
9576;-240.7260092608203
9577;-246.26459013025607
9578;-251.72815641993748
9579;-257.11504387461025
9580;-262.42361159619827
9581;-267.65224254353944
9582;-272.79934402499634
9583;-277.8633481835966
9584;-282.84271247461743
9585;-287.7359201354596
9586;-292.541480647668
9587;-297.2579301909581
9588;-301.8838320891099
9589;-306.41777724759294
9590;-310.8583845827835
9591;-315.20430144269164
9592;-319.4542040189137
9593;-323.6067977499762
9594;-327.66081771559453
9595;-331.61502902201516
9596;-335.46822717816866
9597;-339.21923846257
9598;-342.866920280845
9599;-346.4101615137761
9600;-349.84788285575934
9601;-353.1790371435669
9602;-356.402609675349
9603;-359.51761851966404
9604;-362.52311481466256
9605;-365.4181830570386
9606;-368.20194138097486
9607;-370.8735418267141
9608;-373.4321705988802
9609;-375.8770483143594
9610;-378.20743023972693
9611;-380.42260651805844
9612;-382.52190238521496
9613;-384.5046783753254
9614;-386.37033051562554
9615;-388.1182905103999
9616;-389.74802591409303
9617;-391.2590402935215
9618;-392.65087337906505
9619;-393.92310120488287
9620;-395.075336238055
9621;-396.1072274966281
9622;-397.01846065652757
9623;-397.80875814730956
9624;-398.4778792366975
9625;-399.0256201039292
9626;-399.4518139018292
9627;-399.7563308076381
9628;-399.9390780625564
9629;-400.0
9630;-399.9390780625566
9631;-399.75633080763834
9632;-399.45181390182955
9633;-399.0256201039296
9634;-398.4778792366981
9635;-397.80875814731024
9636;-397.0184606565284
9637;-396.1072274966291
9638;-395.075336238056
9639;-393.92310120488406
9640;-392.6508733790663
9641;-391.25904029352284
9642;-389.7480259140945
9643;-388.1182905103988
9644;-386.3703305156273
9645;-384.5046783753273
9646;-382.52190238521695
9647;-380.4226065180605
9648;-378.2074302397291
9649;-375.8770483143616
9650;-373.43217059888264
9651;-370.87354182671663
9652;-368.2019413809774
9653;-365.41818305704135
9654;-362.5231148146606
9655;-359.517618519667
9656;-356.40260967534687
9657;-353.17903714357004
9658;-349.8478828557571
9659;-346.41016151377937
9660;-342.8669202808426
9661;-339.2192384625735
9662;-335.4682271781723
9663;-331.61502902201886
9664;-327.66081771559834
9665;-323.6067977499801
9666;-319.4542040189177
9667;-315.20430144269574
9668;-310.8583845827877
9669;-306.4177772475899
9670;-301.88383208911426
9671;-297.25793019095505
9672;-292.54148064767253
9673;-287.7359201354563
9674;-282.84271247462215
9675;-277.8633481836014
9676;-272.7993440250012
9677;-267.6522425435444
9678;-262.4236115962033
9679;-257.11504387461537
9680;-251.72815641994265
9681;-246.26459013026135
9682;-240.7260092608256
9683;-235.11410091699486
9684;-229.43057454042327
9685;-223.6771613883028
9686;-217.85561400601412
9687;-211.9677056932845
9688;-206.01522996402335
9689;-200.00000000000085
9690;-193.9238480985348
9691;-187.78862511436546
9692;-181.59619989581694
9693;-175.34845871563851
9694;-169.0473046962762
9695;-162.69465723032596
9696;-156.2924513957145
9697;-149.84263736636893
9698;-143.34717981812335
9699;-136.8080573302698
9700;-130.22726178286408
9701;-123.60679774997945
9702;-116.94868188909425
9703;-110.25494232679827
9704;-103.52761804101691
9705;-96.76875823986376
9706;-89.98042173755276
9707;-83.16467632710956
9708;-76.3235981506228
9709;-69.45927106677607
9710;-62.57378601609531
9711;-55.66924038402817
9712;-48.747737362060015
9713;-41.81138530706143
9714;-34.862297099062324
9715;-27.90258949765953
9716;-20.934382497174617
9717;-13.959798681007845
9718;-6.980962574908512
9719;-5.487408029198684E-12
9720;6.980962574908905
9721;13.959798680996876
9722;20.934382497175008
9723;27.902589497648584
9724;34.862297099062715
9725;41.81138530706182
9726;48.7477373620604
9727;55.66924038402856
9728;62.57378601608446
9729;69.45927106677645
9730;76.32359815061203
9731;83.16467632710994
9732;89.98042173754207
9733;96.76875823986414
9734;103.52761804100632
9735;110.25494232679864
9736;116.94868188908374
9737;123.60679774997982
9738;130.2272617828537
9739;136.8080573302702
9740;143.3471798181131
9741;149.84263736635876
9742;156.2924513957044
9743;162.69465723031593
9744;169.04730469627657
9745;175.34845871562865
9746;181.5961998958173
9747;187.7886251143558
9748;193.92384809853516
9749;199.99999999999133
9750;206.01522996402372
9751;211.96770569327518
9752;217.85561400600494
9753;223.6771613882937
9754;229.43057454041428
9755;235.11410091698596
9756;240.72600926081685
9757;246.26459013026167
9758;251.72815641993412
9759;257.1150438746156
9760;262.423611596195
9761;267.6522425435447
9762;272.79934402499316
9763;277.86334818360166
9764;282.84271247461436
9765;287.7359201354566
9766;292.5414806476651
9767;297.2579301909553
9768;301.88383208910705
9769;306.4177772475902
9770;310.85838458278795
9771;315.204301442689
9772;319.45420401891795
9773;323.6067977499737
9774;327.6608177155986
9775;331.6150290220127
9776;335.4682271781725
9777;339.21923846256766
9778;342.8669202808428
9779;346.41016151377386
9780;349.8478828557573
9781;353.1790371435702
9782;356.4026096753471
9783;359.51761851966717
9784;362.52311481466074
9785;365.4181830570415
9786;368.20194138097315
9787;370.87354182671675
9788;373.4321705988787
9789;375.8770483143618
9790;378.20743023972557
9791;380.4226065180606
9792;382.5219023852137
9793;384.50467837532733
9794;386.37033051562446
9795;388.1182905103989
9796;389.74802591409207
9797;391.25904029352057
9798;392.6508733790664
9799;393.92310120488213
9800;395.075336238056
9801;396.10722749662756
9802;397.0184606565284
9803;397.8087581473091
9804;398.47787923669813
9805;399.0256201039289
9806;399.45181390182955
9807;399.75633080763794
9808;399.9390780625566
9809;400.0
9810;399.9390780625566
9811;399.7563308076385
9812;399.4518139018298
9813;399.02562010392995
9814;398.4778792366984
9815;397.8087581473095
9816;397.0184606565289
9817;396.1072274966281
9818;395.07533623805665
9819;393.92310120488287
9820;392.65087337906715
9821;391.25904029352137
9822;389.7480259140955
9823;388.11829051039985
9824;386.3703305156284
9825;384.50467837532847
9826;382.52190238521484
9827;380.4226065180618
9828;378.2074302397268
9829;375.8770483143631
9830;373.4321705988801
9831;370.8735418267182
9832;368.2019413809747
9833;365.4181830570431
9834;362.5231148146624
9835;359.5176185196689
9836;356.40260967534886
9837;353.1790371435721
9838;349.84788285575917
9839;346.41016151377585
9840;342.8669202808448
9841;339.21923846256976
9842;335.46822717817463
9843;331.61502902201494
9844;327.66081771560084
9845;323.60679774997595
9846;319.4542040189203
9847;315.20430144269136
9848;310.8583845827904
9849;306.41777724759265
9850;301.8838320891171
9851;297.2579301909579
9852;292.54148064766775
9853;287.7359201354593
9854;282.84271247461714
9855;277.8633481836045
9856;272.799344024996
9857;267.6522425435476
9858;262.42361159619793
9859;257.1150438746186
9860;251.72815641993716
9861;246.26459013026474
9862;240.72600926081998
9863;235.11410091699832
9864;229.4305745404175
9865;223.6771613883064
9866;217.8556140060082
9867;211.96770569328814
9868;206.01522996402707
9869;200.00000000000458
9870;193.92384809853857
9871;187.78862511435923
9872;181.59619989582077
9873;175.34845871563218
9874;169.04730469628012
9875;162.6946572303195
9876;156.29245139571847
9877;149.8426373663624
9878;143.34717981812736
9879;136.80805733027387
9880;130.22726178286817
9881;123.60679774998356
9882;116.94868188909835
9883;110.25494232680242
9884;103.5276180410101
9885;96.76875823986794
9886;89.9804217375459
9887;83.16467632711378
9888;76.32359815061588
9889;69.45927106678032
9890;62.57378601608834
9891;55.669240384032435
9892;48.74773736206429
9893;41.81138530706571
9894;34.862297099066616
9895;27.902589497652492
9896;20.934382497178923
9897;13.959798681000793
9898;6.980962574912823
9899;-1.569033456436424E-12
9900;-6.980962574904594
9901;-13.95979868100393
9902;-20.934382497170702
9903;-27.902589497655622
9904;-34.862297099058424
9905;-41.81138530705753
9906;-48.74773736205612
9907;-55.669240384024285
9908;-62.57378601609144
9909;-69.4592710667722
9910;-76.32359815061895
9911;-83.16467632710574
9912;-89.98042173754894
9913;-96.76875823985995
9914;-103.52761804101314
9915;-110.25494232679449
9916;-116.9486818890905
9917;-123.60679774997571
9918;-130.22726178286038
9919;-136.80805733026617
9920;-143.34717981811968
9921;-149.84263736635478
9922;-156.2924513957109
9923;-162.694657230312
9924;-169.04730469627265
9925;-175.348458715635
9926;-181.59619989581347
9927;-187.78862511436202
9928;-193.92384809853138
9929;-199.99999999999744
9930;-206.01522996402002
9931;-211.96770569328118
9932;-217.85561400600133
9933;-223.67716138829957
9934;-229.4305745404108
9935;-235.11410091699165
9936;-240.7260092608134
9937;-246.26459013025826
9938;-251.72815641993077
9939;-257.1150438746123
9940;-262.4236115962003
9941;-267.65224254354143
9942;-272.79934402499833
9943;-277.86334818359853
9944;-282.84271247461936
9945;-287.73592013545357
9946;-292.54148064766986
9947;-297.25793019095244
9948;-301.8838320891117
9949;-306.41777724758737
9950;-310.8583845827853
9951;-315.2043014426863
9952;-319.45420401891533
9953;-323.6067977499778
9954;-327.6608177155961
9955;-331.61502902201664
9956;-335.46822717817014
9957;-339.2192384625714
9958;-342.8669202808406
9959;-346.41016151377744
9960;-349.8478828557552
9961;-353.1790371435682
9962;-356.4026096753451
9963;-359.51761851966523
9964;-362.5231148146589
9965;-365.4181830570397
9966;-368.20194138097594
9967;-370.87354182671515
9968;-373.4321705988812
9969;-375.8770483143603
9970;-378.20743023972784
9971;-380.4226065180593
9972;-382.52190238521575
9973;-384.5046783753262
9974;-386.3703305156263
9975;-388.11829051039786
9976;-389.7480259140936
9977;-391.25904029351966
9978;-392.6508733790656
9979;-393.9231012048834
9980;-395.0753362380554
9981;-396.1072274966285
9982;-397.0184606565279
9983;-397.80875814730985
9984;-398.47787923669773
9985;-399.0256201039294
9986;-399.4518139018294
9987;-399.7563308076382
9988;-399.93907806255646
9989;-400.0
9990;-399.9390780625567
9991;-399.7563308076383
9992;-399.45181390183
9993;-399.02562010392944
9994;-398.47787923669887
9995;-397.80875814730996
9996;-397.01846065652944
9997;-396.1072274966287
9998;-395.07533623805557
9999;-393.9231012048836
10000;-392.6508733790658
10001;-391.2590402935223
10002;-389.7480259140939
10003;-388.1182905104009
10004;-386.37033051562656
10005;-384.5046783753296
10006;-382.52190238521615
10007;-380.42260651806316
10008;-378.2074302397282
10009;-375.8770483143646
10010;-373.4321705988816
10011;-370.87354182671555
10012;-368.2019413809764
10013;-365.4181830570402
10014;-362.5231148146642
10015;-359.5176185196658
10016;-356.4026096753508
10017;-353.17903714356873
10018;-349.84788285576127
10019;-346.410161513778
10020;-342.866920280847
10021;-339.21923846257204
10022;-335.46822717817076
10023;-331.6150290220173
10024;-327.6608177155968
10025;-323.6067977499785
10026;-319.4542040189161
10027;-315.20430144269403
10028;-310.85838458278596
10029;-306.4177772475955
10030;-301.8838320891125
10031;-297.2579301909608
10032;-292.54148064767065
10033;-287.7359201354623
10034;-282.84271247462016
10035;-277.8633481835994
10036;-272.7993440249992
10037;-267.65224254354234
10038;-262.42361159620117
10039;-257.1150438746132
10040;-251.72815641994052
10041;-246.2645901302592
10042;-240.72600926082345
10043;-235.11410091699264
10044;-229.43057454042105
10045;-223.67716138830053
10046;-217.85561400601185
10047;-211.96770569328214
10048;-206.01522996403077
10049;-199.99999999999847
10050;-193.92384809854235
10051;-187.78862511436304
10052;-181.5961998958145
10053;-175.34845871563604
10054;-169.04730469627373
10055;-162.69465723032346
10056;-156.292451395712
10057;-149.8426373663664
10058;-143.34717981812076
10059;-136.80805733027793
10060;-130.2272617828615
10061;-123.60679774998766
10062;-116.9486818890916
10063;-110.25494232680654
10064;-103.52761804101426
10065;-96.76875823987213
10066;-89.98042173755009
10067;-83.16467632710687
10068;-76.32359815062011
10069;-69.45927106677337
10070;-62.573786016092605
10071;-55.66924038402546
10072;-48.74773736206857
10073;-41.81138530705869
10074;-34.862297099070915
10075;-27.902589497656795
10076;-20.93438249718323
10077;-13.959798681005104
10078;-6.980962574917135
10079;-2.743208830090071E-12
10080;6.980962574911649
10081;13.959798680999619
10082;20.93438249717775
10083;27.90258949765132
10084;34.86229709906545
10085;41.81138530705324
10086;48.74773736206313
10087;55.66924038402002
10088;62.57378601608718
10089;69.45927106676795
10090;76.32359815061473
10091;83.16467632710152
10092;89.98042173754475
10093;96.7687582398668
10094;103.52761804100896
10095;110.25494232680128
10096;116.94868188908636
10097;123.60679774998245
10098;130.22726178285632
10099;136.80805733027276
10100;143.34717981811568
10101;149.84263736636132
10102;156.29245139570693
10103;162.69465723031843
10104;169.04730469626875
10105;175.34845871563112
10106;181.5961998958096
10107;187.7886251143582
10108;193.92384809853755
10109;199.99999999999372
10110;206.01522996402605
10111;211.9677056932775
10112;217.85561400600724
10113;223.677161388296
10114;229.43057454041656
10115;235.11410091698818
10116;240.72600926081904
10117;246.26459013025485
10118;251.72815641993625
10119;257.11504387460906
10120;262.423611596197
10121;267.65224254353825
10122;272.79934402499515
10123;277.86334818359546
10124;282.8427124746163
10125;287.73592013545846
10126;292.54148064766696
10127;297.2579301909571
10128;301.88383208910886
10129;306.4177772475919
10130;310.8583845827825
10131;315.2043014426907
10132;319.4542040189127
10133;323.60679774997527
10134;327.6608177155937
10135;331.61502902201426
10136;335.4682271781678
10137;339.21923846256914
10138;342.8669202808442
10139;346.4101615137753
10140;349.8478828557586
10141;353.1790371435662
10142;356.4026096753483
10143;359.5176185196634
10144;362.5231148146619
10145;365.418183057038
10146;368.20194138097423
10147;370.8735418267135
10148;373.4321705988797
10149;375.8770483143627
10150;378.2074302397264
10151;380.42260651806146
10152;382.5219023852145
10153;384.50467837532807
10154;386.37033051562514
10155;388.11829051039956
10156;389.7480259140927
10157;391.25904029352114
10158;392.65087337906476
10159;393.92310120488264
10160;395.0753362380547
10161;396.1072274966279
10162;397.01846065652876
10163;397.8087581473094
10164;398.47787923669836
10165;399.0256201039291
10166;399.4518139018298
10167;399.75633080763805
10168;399.9390780625566
10169;400.0
10170;399.9390780625566
10171;399.7563308076384
10172;399.45181390182967
10173;399.0256201039298
10174;398.47787923669824
10175;397.8087581473104
10176;397.0184606565286
10177;396.1072274966293
10178;395.07533623805625
10179;393.92310120488435
10180;392.65087337906664
10181;391.2590402935208
10182;389.74802591409485
10183;388.11829051039916
10184;386.3703305156277
10185;384.50467837532767
10186;382.52190238521734
10187;380.42260651806095
10188;378.2074302397296
10189;375.8770483143622
10190;373.4321705988832
10191;370.8735418267172
10192;368.20194138097804
10193;365.418183057042
10194;362.52311481466126
10195;359.5176185196677
10196;356.4026096753476
10197;353.1790371435708
10198;349.84788285575786
10199;346.41016151378017
10200;342.8669202808434
10201;339.2192384625743
10202;335.46822717817315
10203;331.61502902201977
10204;327.6608177155993
10205;323.606797749981
10206;319.45420401891863
10207;315.2043014426897
10208;310.8583845827887
10209;306.4177772475909
10210;301.8838320891153
10211;297.2579301909561
10212;292.5414806476736
10213;287.73592013545743
10214;282.8427124746232
10215;277.8633481836025
10216;272.7993440250023
10217;267.6522425435455
10218;262.42361159620447
10219;257.11504387461656
10220;251.72815641993503
10221;246.26459013026255
10222;240.7260092608178
10223;235.1141009169961
10224;229.43057454041528
10225;223.67716138830414
10226;217.8556140060059
10227;211.96770569328584
10228;206.01522996402474
10229;200.00000000000222
10230;193.92384809853618
10231;187.78862511436685
10232;181.59619989581836
10233;175.34845871563994
10234;169.04730469627762
10235;162.694657230317
10236;156.29245139571594
10237;149.84263736635987
10238;143.3471798181248
10239;136.8080573302713
10240;130.22726178286555
10241;123.60679774998093
10242;116.94868188909572
10243;110.25494232679978
10244;103.52761804101844
10245;96.76875823986528
10246;89.9804217375543
10247;83.1646763271111
10248;76.32359815062433
10249;69.4592710667776
10250;62.573786016096854
10251;55.66924038402973
10252;48.747737362061564
10253;41.811385307062984
10254;34.86229709906389
10255;27.902589497661097
10256;20.93438249717618
10257;13.959798681009412
10258;6.980962574910079
10259;7.055451116616566E-12
10260;-6.980962574907338
10261;-13.95979868099531
10262;-20.93438249717344
10263;-27.902589497647018
10264;-34.86229709906116
10265;-41.81138530706026
10266;-48.74773736205885
10267;-55.669240384027006
10268;-62.57378601608292
10269;-69.4592710667749
10270;-76.3235981506105
10271;-83.16467632710841
10272;-89.98042173754054
10273;-96.76875823986262
10274;-103.52761804100481
10275;-110.25494232679713
10276;-116.94868188909311
10277;-123.60679774997834
10278;-130.22726178286297
10279;-136.80805733026872
10280;-143.34717981812227
10281;-149.84263736635734
10282;-156.29245139571344
10283;-162.69465723031448
10284;-169.04730469627515
10285;-175.34845871562726
10286;-181.59619989581591
10287;-187.7886251143544
10288;-193.92384809853377
10289;-199.99999999999983
10290;-206.01522996402238
10291;-211.96770569328348
10292;-217.8556140060036
10293;-223.67716138830184
10294;-229.430574540413
10295;-235.11410091699386
10296;-240.72600926081557
10297;-246.26459013026044
10298;-251.7281564199329
10299;-257.1150438746144
10300;-262.4236115961938
10301;-267.6522425435435
10302;-272.799344024992
10303;-277.8633481836005
10304;-282.8427124746133
10305;-287.7359201354555
10306;-292.541480647664
10307;-297.25793019095426
10308;-301.8838320891135
10309;-306.4177772475892
10310;-310.8583845827869
10311;-315.204301442688
10312;-319.454204018917
10313;-323.6067977499727
10314;-327.6608177155977
10315;-331.61502902201187
10316;-335.4682271781716
10317;-339.21923846256686
10318;-342.866920280842
10319;-346.41016151377306
10320;-349.8478828557565
10321;-353.17903714356953
10322;-356.40260967534635
10323;-359.5176185196665
10324;-362.52311481466006
10325;-365.41818305704084
10326;-368.2019413809725
10327;-370.8735418267162
10328;-373.43217059887814
10329;-375.8770483143612
10330;-378.207430239725
10331;-380.42260651806015
10332;-382.52190238521325
10333;-384.50467837532693
10334;-386.37033051562696
10335;-388.1182905103985
10336;-389.7480259140942
10337;-391.25904029352023
10338;-392.65087337906607
10339;-393.9231012048819
10340;-395.0753362380558
10341;-396.10722749662733
10342;-397.0184606565282
10343;-397.80875814730894
10344;-398.47787923669796
10345;-399.0256201039296
10346;-399.4518139018295
10347;-399.7563308076383
10348;-399.9390780625565
10349;-400.0
10350;-399.93907806255663
10351;-399.7563308076381
10352;-399.4518139018299
10353;-399.02562010392927
10354;-398.4778792366986
10355;-397.8087581473097
10356;-397.0184606565291
10357;-396.1072274966283
10358;-395.07533623805693
10359;-393.9231012048831
10360;-392.65087337906743
10361;-391.2590402935217
10362;-389.7480259140933
10363;-388.11829051040024
10364;-386.3703305156259
10365;-384.50467837532887
10366;-382.5219023852153
10367;-380.4226065180623
10368;-378.20743023972733
10369;-375.87704831436366
10370;-373.43217059888065
10371;-370.8735418267188
10372;-368.2019413809753
10373;-365.41818305704373
10374;-362.5231148146631
10375;-359.51761851966955
10376;-356.40260967534954
10377;-353.17903714357277
10378;-349.84788285575996
10379;-346.41016151377664
10380;-342.86692028084565
10381;-339.2192384625706
10382;-335.4682271781755
10383;-331.61502902201573
10384;-327.66081771560175
10385;-323.60679774997686
10386;-319.45420401892125
10387;-315.2043014426924
10388;-310.85838458279136
10389;-306.4177772475937
10390;-301.8838320891107
10391;-297.2579301909589
10392;-292.5414806476688
10393;-287.7359201354604
10394;-282.8427124746182
10395;-277.8633481836056
10396;-272.7993440249972
10397;-267.6522425435487
10398;-262.4236115961991
10399;-257.11504387461986
10400;-251.7281564199384
10401;-246.264590130266
10402;-240.72600926082123
10403;-235.11410091699042
10404;-229.43057454041877
10405;-223.67716138829826
10406;-217.85561400600955
10407;-211.96770569327984
10408;-206.0152299640284
10409;-199.99999999999608
10410;-193.92384809853996
10411;-187.78862511436063
10412;-181.5961998958222
10413;-175.34845871563357
10414;-169.04730469628154
10415;-162.69465723032096
10416;-156.29245139570946
10417;-149.84263736636385
10418;-143.3471798181182
10419;-136.80805733027535
10420;-130.22726178285887
10421;-123.60679774998505
10422;-116.94868188908897
10423;-110.25494232680393
10424;-103.52761804101162
10425;-96.76875823986946
10426;-89.98042173754742
10427;-83.16467632711532
10428;-76.32359815061743
10429;-69.45927106678185
10430;-62.57378601608988
10431;-55.66924038403399
10432;-48.74773736206585
10433;-41.81138530706727
10434;-34.862297099068186
10435;-27.902589497654056
10436;-20.934382497180486
10437;-13.959798681002358
10438;-6.98096257491439
10439;9.903690185413723E-16
10440;6.9809625749030255
10441;13.959798681002361
10442;20.93438249716914
10443;27.902589497654056
10444;34.86229709905686
10445;41.81138530705597
10446;48.747737362054565
10447;55.669240384022736
10448;62.5737860160899
10449;69.45927106677065
10450;76.32359815061743
10451;83.16467632710419
10452;89.98042173754742
10453;96.76875823985843
10454;103.52761804101162
10455;110.25494232679299
10456;116.94868188908897
10457;123.60679774997423
10458;130.22726178285887
10459;136.80805733026466
10460;143.3471798181182
10461;149.84263736636385
10462;156.29245139570946
10463;162.69465723032096
10464;169.04730469627123
10465;175.34845871563357
10466;181.59619989581205
10467;187.78862511436063
10468;193.92384809853002
10469;199.99999999999608
10470;206.0152299640187
10471;211.96770569327984
10472;217.85561400600955
10473;223.67716138829826
10474;229.43057454041877
10475;235.11410091699042
10476;240.72600926082123
10477;246.264590130257
10478;251.7281564199384
10479;257.1150438746111
10480;262.4236115961991
10481;267.6522425435403
10482;272.7993440249972
10483;277.86334818359745
10484;282.8427124746183
10485;287.73592013545255
10486;292.5414806476688
10487;297.25793019095136
10488;301.88383208911074
10489;306.41777724758634
10490;310.85838458278425
10491;315.2043014426924
10492;319.45420401891437
10493;323.6067977499769
10494;327.6608177155953
10495;331.61502902201573
10496;335.4682271781693
10497;339.2192384625706
10498;342.8669202808398
10499;346.41016151377664
10500;349.84788285575445
10501;353.1790371435675
10502;356.4026096753444
10503;359.5176185196646
10504;362.52311481465824
10505;365.41818305703913
10506;368.2019413809753
10507;370.87354182671453
10508;373.43217059888065
10509;375.8770483143598
10510;378.20743023972733
10511;380.4226065180588
10512;382.5219023852153
10513;384.50467837532574
10514;386.3703305156259
10515;388.11829051039746
10516;389.7480259140933
10517;391.2590402935217
10518;392.6508733790653
10519;393.9231012048831
10520;395.0753362380552
10521;396.1072274966283
10522;397.01846065652774
10523;397.8087581473097
10524;398.4778792366976
10525;399.02562010392927
10526;399.45181390182927
10527;399.7563308076381
10528;399.9390780625564
10529;400.0
10530;399.9390780625565
10531;399.7563308076383
10532;399.4518139018295
10533;399.0256201039296
10534;398.47787923669796
10535;397.80875814731013
10536;397.0184606565282
10537;396.1072274966289
10538;395.0753362380558
10539;393.9231012048839
10540;392.65087337906607
10541;391.25904029352256
10542;389.7480259140942
10543;388.11829051040127
10544;386.37033051562696
10545;384.50467837532693
10546;382.52190238521655
10547;380.42260651806015
10548;378.20743023972875
10549;375.8770483143612
10550;373.4321705988822
10551;370.8735418267162
10552;368.201941380977
10553;365.41818305704084
10554;362.5231148146649
10555;359.5176185196665
10556;356.4026096753515
10557;353.17903714356953
10558;349.847882855762
10559;346.41016151377875
10560;342.8669202808478
10561;339.2192384625729
10562;335.4682271781716
10563;331.6150290220182
10564;327.6608177155977
10565;323.6067977499794
10566;319.454204018917
10567;315.204301442695
10568;310.8583845827869
10569;306.41777724759646
10570;301.8838320891135
10571;297.2579301909618
10572;292.54148064767173
10573;287.73592013546335
10574;282.8427124746213
10575;277.8633481836005
10576;272.7993440250003
10577;267.6522425435435
10578;262.42361159620236
10579;257.1150438746144
10580;251.72815641994174
10581;246.26459013026044
10582;240.72600926082467
10583;235.11410091699386
10584;229.43057454042233
10585;223.67716138830184
10586;217.85561400601316
10587;211.96770569328348
10588;206.01522996402238
10589;199.99999999999983
10590;193.92384809853377
10591;187.78862511436444
10592;181.59619989581591
10593;175.34845871563746
10594;169.04730469627515
10595;162.69465723032488
10596;156.29245139571344
10597;149.84263736636785
10598;143.34717981812224
10599;136.80805733026872
10600;130.22726178286297
10601;123.60679774997834
10602;116.94868188909311
10603;110.25494232679713
10604;103.52761804101578
10605;96.76875823986262
10606;89.98042173755162
10607;83.16467632710841
10608;76.32359815062165
10609;69.4592710667749
10610;62.57378601609415
10611;55.669240384027006
10612;48.747737362070126
10613;41.811385307060256
10614;34.86229709907248
10615;27.902589497658358
10616;20.934382497184796
10617;13.959798681006669
10618;6.980962574907336
10619;4.3112519175079535E-12
10620;-6.980962574910081
10621;-13.95979868099805
10622;-20.93438249717618
10623;-27.902589497649753
10624;-34.86229709906389
10625;-41.81138530705168
10626;-48.747737362061564
10627;-55.66924038401847
10628;-62.573786016085634
10629;-69.45927106676642
10630;-76.32359815061318
10631;-83.16467632709997
10632;-89.98042173754321
10633;-96.76875823986528
10634;-103.52761804100746
10635;-110.25494232679978
10636;-116.94868188908487
10637;-123.60679774998096
10638;-130.2272617828548
10639;-136.8080573302713
10640;-143.3471798181142
10641;-149.84263736635987
10642;-156.29245139570548
10643;-162.694657230317
10644;-169.04730469627762
10645;-175.3484587156297
10646;-181.59619989581836
10647;-187.78862511435682
10648;-193.92384809853618
10649;-199.99999999999235
10650;-206.01522996402474
10651;-211.96770569327617
10652;-217.8556140060059
10653;-223.67716138829468
10654;-229.43057454041528
10655;-235.1141009169869
10656;-240.7260092608178
10657;-246.26459013026255
10658;-251.72815641993503
10659;-257.11504387461656
10660;-262.4236115961958
10661;-267.6522425435455
10662;-272.799344024994
10663;-277.8633481836025
10664;-282.8427124746152
10665;-287.73592013545743
10666;-292.5414806476659
10667;-297.2579301909561
10668;-301.8838320891079
10669;-306.4177772475909
10670;-310.8583845827815
10671;-315.2043014426897
10672;-319.45420401891863
10673;-323.6067977499743
10674;-327.6608177155993
10675;-331.61502902201335
10676;-335.46822717817315
10677;-339.2192384625683
10678;-342.8669202808434
10679;-346.4101615137745
10680;-349.84788285575786
10681;-353.17903714356544
10682;-356.4026096753476
10683;-359.5176185196627
10684;-362.52311481466126
10685;-365.4181830570373
10686;-368.2019413809736
10687;-370.87354182671294
10688;-373.4321705988791
10689;-375.8770483143622
10690;-378.2074302397259
10691;-380.42260651806095
10692;-382.52190238521405
10693;-384.50467837532767
10694;-386.37033051562474
10695;-388.11829051039916
10696;-389.7480259140923
10697;-391.2590402935208
10698;-392.6508733790644
10699;-393.92310120488236
10700;-395.0753362380545
10701;-396.10722749662773
10702;-397.0184606565286
10703;-397.8087581473092
10704;-398.47787923669824
10705;-399.025620103929
10706;-399.45181390182967
10707;-399.756330807638
10708;-399.9390780625566
10709;-400.0
10710;-399.9390780625566
10711;-399.75633080763845
10712;-399.4518139018297
10713;-399.02562010392984
10714;-398.47787923669836
10715;-397.8087581473094
10716;-397.01846065652876
10717;-396.1072274966279
10718;-395.0753362380565
10719;-393.92310120488264
10720;-392.6508733790669
10721;-391.25904029352114
10722;-389.7480259140952
10723;-388.11829051039956
10724;-386.3703305156281
10725;-384.50467837532807
10726;-382.5219023852145
10727;-380.42260651806146
10728;-378.2074302397264
10729;-375.8770483143627
10730;-373.4321705988797
10731;-370.87354182671777
10732;-368.20194138097423
10733;-365.4181830570426
10734;-362.5231148146619
10735;-359.51761851966836
10736;-356.4026096753483
10737;-353.1790371435715
10738;-349.8478828557586
10739;-346.41016151378096
10740;-342.8669202808442
10741;-339.21923846257516
10742;-335.46822717817395
10743;-331.6150290220206
10744;-327.66081771560016
10745;-323.60679774997527
10746;-319.4542040189196
10747;-315.2043014426907
10748;-310.8583845827897
10749;-306.4177772475919
10750;-301.88383208911637
10751;-297.2579301909571
10752;-292.5414806476747
10753;-287.73592013545846
10754;-282.84271247462436
10755;-277.8633481836036
10756;-272.79934402500345
10757;-267.6522425435467
10758;-262.4236115962056
10759;-257.11504387461775
10760;-251.72815641993625
10761;-246.2645901302638
10762;-240.72600926081904
10763;-235.1141009169974
10764;-229.43057454041656
10765;-223.67716138830542
10766;-217.85561400600724
10767;-211.96770569328714
10768;-206.01522996402605
10769;-200.00000000000355
10770;-193.92384809853755
10771;-187.7886251143582
10772;-181.59619989581975
10773;-175.34845871563112
10774;-169.04730469627904
10775;-162.69465723031843
10776;-156.2924513957174
10777;-149.84263736636132
10778;-143.34717981812628
10779;-136.80805733027276
10780;-130.22726178286706
10781;-123.60679774998245
10782;-116.94868188909724
10783;-110.25494232680128
10784;-103.52761804100896
10785;-96.7687582398668
10786;-89.98042173754475
10787;-83.16467632711263
10788;-76.32359815061473
10789;-69.45927106677915
10790;-62.573786016087176
10791;-55.66924038403127
10792;-48.74773736206312
10793;-41.81138530706455
10794;-34.86229709906545
10795;-27.90258949766266
10796;-20.934382497177747
10797;-13.959798681010978
10798;-6.980962574911646
10799;-8.623494204034448E-12
10800;6.980962574905769
10801;13.959798681005104
10802;20.934382497171878
10803;27.902589497656795
10804;34.86229709905959
10805;41.8113853070587
10806;48.747737362057286
10807;55.66924038402546
10808;62.57378601608137
10809;69.45927106677337
10810;76.32359815060894
10811;83.16467632710687
10812;89.98042173753902
10813;96.7687582398611
10814;103.52761804100328
10815;110.25494232679563
10816;116.94868188909162
10817;123.60679774997685
10818;130.2272617828615
10819;136.80805733026725
10820;143.3471798181208
10821;149.84263736635586
10822;156.292451395712
10823;162.69465723031306
10824;169.04730469627373
10825;175.34845871562584
10826;181.5961998958145
10827;187.788625114353
10828;193.9238480985324
10829;199.99999999999847
10830;206.01522996402105
10831;211.96770569328214
10832;217.8556140060023
10833;223.67716138830053
10834;229.43057454041173
10835;235.11410091699264
10836;240.72600926081432
10837;246.2645901302592
10838;251.72815641993168
10839;257.1150438746132
10840;262.42361159620117
10841;267.65224254354234
10842;272.7993440249992
10843;277.8633481835994
10844;282.84271247462016
10845;287.7359201354544
10846;292.54148064767065
10847;297.2579301909532
10848;301.8838320891125
10849;306.41777724758816
10850;310.85838458278596
10851;315.2043014426871
10852;319.4542040189161
10853;323.6067977499718
10854;327.6608177155968
10855;331.6150290220173
10856;335.46822717817076
10857;339.21923846257204
10858;342.86692028084116
10859;346.410161513778
10860;349.84788285575576
10861;353.17903714356873
10862;356.4026096753457
10863;359.5176185196658
10864;362.52311481465944
10865;365.4181830570402
10866;368.2019413809719
10867;370.87354182671555
10868;373.4321705988775
10869;375.8770483143607
10870;378.20743023972454
10871;380.42260651805964
10872;382.5219023852128
10873;384.5046783753265
10874;386.37033051562656
10875;388.11829051039814
10876;389.7480259140939
10877;391.25904029351994
10878;392.6508733790658
10879;393.9231012048816
10880;395.07533623805557
10881;396.1072274966271
10882;397.018460656528
10883;397.80875814730877
10884;398.47787923669785
10885;399.02562010392944
10886;399.45181390182944
10887;399.7563308076383
10888;399.9390780625565
10889;400.0
10890;399.9390780625567
10891;399.7563308076382
10892;399.45181390182995
10893;399.0256201039294
10894;398.4778792366987
10895;397.80875814730985
10896;397.01846065652927
10897;396.1072274966285
10898;395.0753362380554
10899;393.9231012048834
10900;392.6508733790656
10901;391.25904029352205
10902;389.7480259140936
10903;388.1182905104006
10904;386.3703305156263
10905;384.50467837532926
10906;382.52190238521575
10907;380.42260651806276
10908;378.20743023972784
10909;375.8770483143642
10910;373.4321705988812
10911;370.87354182671515
10912;368.20194138097594
10913;365.4181830570397
10914;362.5231148146637
10915;359.51761851966523
10916;356.4026096753503
10917;353.1790371435682
10918;349.8478828557607
10919;346.41016151377744
10920;342.86692028084644
10921;339.2192384625714
10922;335.46822717817633
10923;331.61502902201664
10924;327.66081771560266
10925;323.6067977499778
10926;319.4542040189222
10927;315.20430144269335
10928;310.8583845827852
10929;306.4177772475947
10930;301.8838320891117
10931;297.25793019096
10932;292.54148064766986
10933;287.73592013546147
10934;282.84271247461936
10935;277.8633481836067
10936;272.79934402499833
10937;267.6522425435499
10938;262.4236115962003
10939;257.11504387462105
10940;251.72815641993958
10941;246.26459013026724
10942;240.72600926082245
10943;235.11410091699165
10944;229.43057454042005
10945;223.67716138829957
10946;217.85561400601082
10947;211.96770569328118
10948;206.01522996402974
10949;199.99999999999744
10950;193.92384809854133
10951;187.78862511436202
10952;181.5961998958236
10953;175.348458715635
10954;169.04730469628296
10955;162.69465723032238
10956;156.2924513957109
10957;149.84263736636532
10958;143.34717981811968
10959;136.80805733027682
10960;130.22726178286038
10961;123.60679774998653
10962;116.9486818890905
10963;110.25494232680542
10964;103.52761804101314
10965;96.76875823987098
10966;89.98042173754894
10967;83.16467632710572
10968;76.32359815061895
10969;69.4592710667722
10970;62.57378601609144
10971;55.669240384024285
10972;48.7477373620674
10973;41.81138530705753
10974;34.86229709906974
10975;27.902589497655622
10976;20.934382497182053
10977;13.959798681003926
10978;6.980962574915958
10979;1.5670527183993413E-12
10980;-6.980962574901457
10981;-13.959798681000796
10982;-20.934382497178923
10983;-27.902589497652492
10984;-34.86229709906662
10985;-41.81138530705441
10986;-48.74773736206429
10987;-55.66924038402118
10988;-62.57378601608834
10989;-69.45927106676912
10990;-76.32359815061588
10991;-83.16467632710265
10992;-89.9804217375459
10993;-96.76875823985691
10994;-103.5276180410101
10995;-110.2549423267915
10996;-116.9486818890875
10997;-123.60679774997274
10998;-130.22726178285743
10999;-136.8080573302632
11000;-143.34717981811676
11001;-149.8426373663624
11002;-156.292451395708
11003;-162.6946572303195
11004;-169.0473046962698
11005;-175.34845871563218
11006;-181.59619989581066
11007;-187.78862511435923
11008;-193.92384809852862
11009;-199.99999999999474
11010;-206.01522996401732
11011;-211.9677056932785
11012;-217.8556140060082
11013;-223.67716138829698
11014;-229.4305745404175
11015;-235.11410091698912
11016;-240.72600926081998
11017;-246.26459013025575
11018;-251.72815641993716
11019;-257.1150438746099
11020;-262.42361159619793
11021;-267.6522425435391
11022;-272.799344024996
11023;-277.8633481835963
11024;-282.84271247461714
11025;-287.7359201354593
11026;-292.54148064766775
11027;-297.2579301909579
11028;-301.88383208910966
11029;-306.41777724759265
11030;-310.85838458278323
11031;-315.20430144269136
11032;-319.45420401891346
11033;-323.60679774997595
11034;-327.6608177155943
11035;-331.61502902201494
11036;-335.46822717816843
11037;-339.21923846256976
11038;-342.8669202808448
11039;-346.41016151377585
11040;-349.84788285575917
11041;-353.17903714356675
11042;-356.40260967534886
11043;-359.51761851966387
11044;-362.5231148146624
11045;-365.4181830570385
11046;-368.2019413809747
11047;-370.87354182671396
11048;-373.4321705988801
11049;-375.8770483143592
11050;-378.2074302397268
11051;-380.42260651805833
11052;-382.52190238521484
11053;-384.5046783753253
11054;-386.3703305156255
11055;-388.11829051039985
11056;-389.7480259140929
11057;-391.25904029352137
11058;-392.650873379065
11059;-393.92310120488287
11060;-395.0753362380549
11061;-396.1072274966281
11062;-397.0184606565275
11063;-397.8087581473095
11064;-398.47787923669745
11065;-399.02562010392916
11066;-399.45181390182915
11067;-399.7563308076381
11068;-399.9390780625564
11069;-400.0
11070;-399.9390780625566
11071;-399.75633080763834
11072;-399.45181390182955
11073;-399.02562010392967
11074;-398.47787923669813
11075;-397.8087581473103
11076;-397.0184606565284
11077;-396.1072274966291
11078;-395.075336238056
11079;-393.9231012048841
11080;-392.6508733790664
11081;-391.25904029352296
11082;-389.74802591409457
11083;-388.1182905103989
11084;-386.37033051562736
11085;-384.50467837532733
11086;-382.521902385217
11087;-380.4226065180606
11088;-378.2074302397292
11089;-375.8770483143618
11090;-373.43217059888275
11091;-370.87354182671675
11092;-368.2019413809776
11093;-365.4181830570415
11094;-362.52311481466074
11095;-359.51761851966717
11096;-356.4026096753471
11097;-353.1790371435702
11098;-349.8478828557573
11099;-346.41016151377954
11100;-342.8669202808428
11101;-339.2192384625737
11102;-335.46822717817247
11103;-331.6150290220191
11104;-327.6608177155986
11105;-323.60679774998033
11106;-319.45420401891795
11107;-315.204301442696
11108;-310.85838458278795
11109;-306.4177772475902
11110;-301.88383208911455
11111;-297.2579301909553
11112;-292.5414806476728
11113;-287.7359201354566
11114;-282.84271247462243
11115;-277.86334818360166
11116;-272.79934402500146
11117;-267.6522425435447
11118;-262.42361159620356
11119;-257.1150438746156
11120;-251.72815641994296
11121;-246.26459013026167
11122;-240.72600926082592
11123;-235.11410091699517
11124;-229.4305745404236
11125;-223.67716138830315
11126;-217.85561400601446
11127;-211.9677056932848
11128;-206.01522996402372
11129;-200.0000000000012
11130;-193.92384809853516
11131;-187.78862511436583
11132;-181.5961998958173
11133;-175.34845871563886
11134;-169.04730469627657
11135;-162.69465723032633
11136;-156.2924513957149
11137;-149.8426373663693
11138;-143.3471798181237
11139;-136.8080573302702
11140;-130.22726178286445
11141;-123.60679774997982
11142;-116.94868188909462
11143;-110.25494232679864
11144;-103.52761804101729
11145;-96.76875823986414
11146;-89.98042173755316
11147;-83.16467632710994
11148;-76.3235981506232
11149;-69.45927106677645
11150;-62.5737860160957
11151;-55.66924038402856
11152;-48.7477373620604
11153;-41.81138530706182
11154;-34.862297099062715
11155;-27.902589497659925
11156;-20.934382497175008
11157;-13.959798681008238
11158;-6.980962574908903
11159;-5.8792950049258365E-12
11160;6.980962574908513
11161;13.959798680996485
11162;20.934382497174617
11163;27.902589497648194
11164;34.86229709906233
11165;41.81138530706143
11166;48.747737362060015
11167;55.66924038402817
11168;62.573786016084085
11169;69.45927106677607
11170;76.32359815061164
11171;83.16467632710956
11172;89.98042173754169
11173;96.76875823986376
11174;103.52761804100594
11175;110.25494232679827
11176;116.94868188908336
11177;123.60679774997945
11178;130.22726178285333
11179;136.8080573302698
11180;143.34717981811275
11181;149.84263736635842
11182;156.29245139570403
11183;162.69465723031558
11184;169.0473046962762
11185;175.34845871562828
11186;181.59619989581694
11187;187.78862511435543
11188;193.9238480985348
11189;199.99999999999102
11190;206.01522996402335
11191;211.96770569327487
11192;217.85561400600463
11193;223.6771613882934
11194;229.43057454041397
11195;235.11410091698562
11196;240.72600926081657
11197;246.26459013026135
11198;251.7281564199338
11199;257.11504387461537
11200;262.4236115961947
11201;267.6522425435444
11202;272.7993440249929
11203;277.8633481836014
11204;282.8427124746141
11205;287.7359201354563
11206;292.5414806476648
11207;297.25793019095505
11208;301.8838320891068
11209;306.4177772475899
11210;310.8583845827877
11211;315.20430144268875
11212;319.4542040189177
11213;323.60679774997345
11214;327.66081771559834
11215;331.6150290220125
11216;335.4682271781723
11217;339.2192384625675
11218;342.8669202808426
11219;346.4101615137737
11220;349.8478828557571
11221;353.17903714357004
11222;356.40260967534687
11223;359.517618519667
11224;362.5231148146606
11225;365.41818305704135
11226;368.201941380973
11227;370.87354182671663
11228;373.43217059887854
11229;375.8770483143616
11230;378.2074302397254
11231;380.4226065180605
11232;382.5219023852136
11233;384.5046783753273
11234;386.37033051562435
11235;388.1182905103988
11236;389.74802591409195
11237;391.2590402935205
11238;392.6508733790663
11239;393.9231012048821
11240;395.075336238056
11241;396.1072274966275
11242;397.0184606565284
11243;397.80875814730905
11244;398.4778792366981
11245;399.0256201039289
11246;399.45181390182955
11247;399.75633080763794
11248;399.9390780625566
11249;400.0
11250;399.9390780625566
11251;399.7563308076385
11252;399.4518139018298
11253;399.02562010393
11254;398.47787923669847
11255;397.80875814730956
11256;397.018460656529
11257;396.1072274966281
11258;395.07533623805676
11259;393.92310120488287
11260;392.6508733790672
11261;391.2590402935215
11262;389.7480259140956
11263;388.1182905103999
11264;386.37033051562855
11265;384.5046783753285
11266;382.52190238521496
11267;380.42260651806197
11268;378.20743023972693
11269;375.87704831436326
11270;373.4321705988802
11271;370.87354182671834
11272;368.20194138097486
11273;365.4181830570432
11274;362.52311481466256
11275;359.51761851966904
11276;356.402609675349
11277;353.17903714357226
11278;349.84788285575934
11279;346.4101615137761
11280;342.866920280845
11281;339.21923846257
11282;335.4682271781748
11283;331.61502902201516
11284;327.66081771560107
11285;323.6067977499762
11286;319.4542040189205
11287;315.20430144269164
11288;310.8583845827907
11289;306.41777724759294
11290;301.8838320891174
11291;297.2579301909581
11292;292.541480647668
11293;287.7359201354596
11294;282.84271247461743
11295;277.8633481836048
11296;272.79934402499634
11297;267.65224254354786
11298;262.42361159619827
11299;257.11504387461895
11300;251.72815641993748
11301;246.26459013026505
11302;240.7260092608203
11303;235.11410091699864
11304;229.43057454041784
11305;223.6771613883067
11306;217.85561400600852
11307;211.96770569328848
11308;206.01522996402738
11309;200.00000000000492
11310;193.92384809853894
11311;187.78862511435958
11312;181.59619989582114
11313;175.34845871563255
11314;169.04730469628046
11315;162.69465723031985
11316;156.29245139571884
11317;149.84263736636277
11318;143.34717981812776
11319;136.80805733027424
11320;130.2272617828685
11321;123.60679774998393
11322;116.94868188909872
11323;110.25494232680279
11324;103.52761804101047
11325;96.76875823986832
11326;89.98042173754627
11327;83.16467632711417
11328;76.32359815061626
11329;69.45927106678069
11330;62.573786016088725
11331;55.669240384032825
11332;48.74773736206468
11333;41.811385307066104
11334;34.862297099067014
11335;27.902589497652887
11336;20.934382497179314
11337;13.959798681001184
11338;6.980962574913215
11339;-1.1771464807092711E-12
11340;-6.980962574904201
11341;-13.959798681003537
11342;-20.93438249717031
11343;-27.902589497655235
11344;-34.86229709905803
11345;-41.811385307057144
11346;-48.74773736205573
11347;-55.6692403840239
11348;-62.57378601609105
11349;-69.45927106677182
11350;-76.32359815061858
11351;-83.16467632710534
11352;-89.98042173754857
11353;-96.76875823985958
11354;-103.52761804101276
11355;-110.25494232679411
11356;-116.94868188909011
11357;-123.60679774997536
11358;-130.22726178286
11359;-136.80805733026577
11360;-143.34717981811934
11361;-149.8426373663544
11362;-156.29245139571054
11363;-162.69465723031163
11364;-169.0473046962723
11365;-175.34845871563465
11366;-181.5961998958131
11367;-187.78862511436168
11368;-193.92384809853104
11369;-199.9999999999971
11370;-206.01522996401965
11371;-211.96770569328086
11372;-217.85561400600096
11373;-223.67716138829925
11374;-229.43057454041042
11375;-235.11410091699133
11376;-240.7260092608131
11377;-246.26459013025794
11378;-251.72815641993049
11379;-257.115043874612
11380;-262.42361159620003
11381;-267.65224254354115
11382;-272.799344024998
11383;-277.8633481835983
11384;-282.8427124746191
11385;-287.73592013545334
11386;-292.54148064766963
11387;-297.2579301909521
11388;-301.8838320891114
11389;-306.41777724758714
11390;-310.858384582785
11391;-315.2043014426861
11392;-319.4542040189151
11393;-323.60679774997755
11394;-327.6608177155959
11395;-331.6150290220164
11396;-335.4682271781699
11397;-339.21923846257124
11398;-342.86692028084036
11399;-346.4101615137772
11400;-349.847882855755
11401;-353.17903714356805
11402;-356.40260967534493
11403;-359.51761851966506
11404;-362.52311481465875
11405;-365.4181830570396
11406;-368.20194138097577
11407;-370.873541826715
11408;-373.43217059888104
11409;-375.8770483143602
11410;-378.2074302397277
11411;-380.4226065180591
11412;-382.52190238521564
11413;-384.504678375326
11414;-386.37033051562616
11415;-388.11829051039774
11416;-389.74802591409355
11417;-391.2590402935196
11418;-392.6508733790655
11419;-393.9231012048833
11420;-395.07533623805534
11421;-396.10722749662847
11422;-397.01846065652785
11423;-397.8087581473098
11424;-398.4778792366977
11425;-399.0256201039294
11426;-399.4518139018294
11427;-399.75633080763816
11428;-399.93907806255646
11429;-400.0
11430;-399.9390780625567
11431;-399.7563308076383
11432;-399.45181390183
11433;-399.0256201039295
11434;-398.47787923669887
11435;-397.80875814731
11436;-397.01846065652944
11437;-396.10722749662875
11438;-395.0753362380556
11439;-393.92310120488366
11440;-392.65087337906584
11441;-391.2590402935224
11442;-389.74802591409394
11443;-388.118290510401
11444;-386.3703305156267
11445;-384.5046783753297
11446;-382.5219023852162
11447;-380.4226065180633
11448;-378.20743023972835
11449;-375.8770483143647
11450;-373.4321705988818
11451;-370.8735418267157
11452;-368.20194138097656
11453;-365.4181830570404
11454;-362.5231148146644
11455;-359.517618519666
11456;-356.40260967535096
11457;-353.1790371435689
11458;-349.84788285576144
11459;-346.4101615137782
11460;-342.86692028084724
11461;-339.21923846257226
11462;-335.468227178171
11463;-331.61502902201755
11464;-327.66081771559703
11465;-323.60679774997874
11466;-319.4542040189163
11467;-315.2043014426943
11468;-310.85838458278624
11469;-306.41777724759567
11470;-301.88383208911273
11471;-297.257930190961
11472;-292.54148064767094
11473;-287.73592013546255
11474;-282.84271247462044
11475;-277.8633481835997
11476;-272.79934402499947
11477;-267.6522425435426
11478;-262.4236115962015
11479;-257.11504387461355
11480;-251.72815641994083
11481;-246.2645901302595
11482;-240.72600926082376
11483;-235.11410091699295
11484;-229.43057454042136
11485;-223.67716138830085
11486;-217.85561400601216
11487;-211.96770569328248
11488;-206.0152299640311
11489;-199.9999999999988
11490;-193.9238480985427
11491;-187.7886251143634
11492;-181.59619989581486
11493;-175.3484587156364
11494;-169.04730469627407
11495;-162.69465723032383
11496;-156.29245139571236
11497;-149.84263736636677
11498;-143.34717981812116
11499;-136.8080573302783
11500;-130.22726178286186
11501;-123.60679774998802
11502;-116.94868188909197
11503;-110.25494232680693
11504;-103.52761804101465
11505;-96.7687582398725
11506;-89.98042173755047
11507;-83.16467632710726
11508;-76.3235981506205
11509;-69.45927106677374
11510;-62.57378601609298
11511;-55.66924038402584
11512;-48.74773736206896
11513;-41.81138530705908
11514;-34.862297099071306
11515;-27.902589497657182
11516;-20.93438249718362
11517;-13.959798681005495
11518;-6.980962574917527
11519;-3.1350958058172242E-12
11520;6.980962574911256
11521;13.959798680987864
11522;20.93438249717736
11523;27.902589497650933
11524;34.862297099053734
11525;41.81138530705285
11526;48.747737362062736
11527;55.66924038403089
11528;62.5737860160868
11529;69.45927106676757
11530;76.3235981506255
11531;83.16467632710113
11532;89.98042173754438
11533;96.76875823986641
11534;103.52761804099761
11535;110.25494232680091
11536;116.94868188909686
11537;123.60679774997125
11538;130.22726178285592
11539;136.80805733027242
11540;143.34717981810468
11541;149.84263736636095
11542;156.29245139570656
11543;162.69465723032846
11544;169.04730469626838
11545;175.34845871563076
11546;181.5961998958194
11547;187.7886251143478
11548;193.9238480985372
11549;200.00000000000324
11550;206.015229964016
11551;211.96770569327717
11552;217.85561400601642
11553;223.67716138828624
11554;229.4305745404162
11555;235.11410091698784
11556;240.72600926080963
11557;246.26459013025456
11558;251.72815641993594
11559;257.1150438746174
11560;262.42361159619674
11561;267.65224254353797
11562;272.79934402500317
11563;277.8633481835952
11564;282.84271247461606
11565;287.73592013545823
11566;292.5414806476589
11567;297.25793019095687
11568;301.88383208910864
11569;306.41777724758435
11570;310.85838458278226
11571;315.20430144269045
11572;319.45420401891937
11573;323.60679774997504
11574;327.66081771559345
11575;331.6150290220204
11576;335.4682271781676
11577;339.2192384625689
11578;342.866920280844
11579;346.4101615137694
11580;349.8478828557584
11581;353.17903714357135
11582;356.402609675343
11583;359.51761851966324
11584;362.52311481466177
11585;365.4181830570378
11586;368.20194138097406
11587;370.8735418267134
11588;373.4321705988836
11589;375.8770483143626
11590;378.2074302397263
11591;380.42260651806134
11592;382.5219023852111
11593;384.504678375328
11594;386.370330515628
11595;388.1182905103967
11596;389.7480259140926
11597;391.2590402935234
11598;392.6508733790625
11599;393.9231012048826
11600;395.07533623805466
11601;396.10722749662625
11602;397.0184606565287
11603;397.80875814730933
11604;398.4778792366983
11605;399.02562010392904
11606;399.4518139018297
11607;399.75633080763845
11608;399.93907806255635
11609;400.0
11610;399.93907806255635
11611;399.7563308076388
11612;399.45181390182967
11613;399.02562010392984
11614;398.47787923669927
11615;397.80875814731047
11616;397.0184606565286
11617;396.10722749662773
11618;395.0753362380563
11619;393.9231012048844
11620;392.65087337906454
11621;391.25904029352324
11622;389.74802591409497
11623;388.11829051039655
11624;386.37033051563077
11625;384.5046783753278
11626;382.52190238521416
11627;380.4226065180646
11628;378.2074302397298
11629;375.8770483143623
11630;373.4321705988833
11631;370.8735418267173
11632;368.2019413809782
11633;365.4181830570375
11634;362.52311481466137
11635;359.51761851966785
11636;356.4026096753478
11637;353.1790371435763
11638;349.84788285575803
11639;346.4101615137747
11640;342.86692028084946
11641;339.21923846257454
11642;335.4682271781671
11643;331.61502902201994
11644;327.66081771559953
11645;323.60679774998124
11646;319.4542040189257
11647;315.20430144268994
11648;310.8583845827889
11649;306.4177772475912
11650;301.8838320891156
11651;297.2579301909563
11652;292.54148064766616
11653;287.73592013546556
11654;282.8427124746235
11655;277.8633481835946
11656;272.79934402500265
11657;267.6522425435458
11658;262.42361159620475
11659;257.11504387462554
11660;251.72815641993532
11661;246.26459013026286
11662;240.7260092608181
11663;235.1141009169964
11664;229.4305745404156
11665;223.67716138829502
11666;217.85561400601577
11667;211.96770569328612
11668;206.0152299640153
11669;200.0000000000124
11670;193.92384809853652
11671;187.78862511435716
11672;181.59619989582882
11673;175.34845871564028
11674;169.047304696278
11675;162.69465723032775
11676;156.2924513957163
11677;149.84263736636024
11678;143.34717981811457
11679;136.80805733027165
11680;130.22726178286595
11681;123.6067977499705
11682;116.948681889107
11683;110.25494232680015
11684;103.52761804100783
11685;96.76875823987669
11686;89.98042173755468
11687;83.16467632710037
11688;76.32359815062473
11689;69.459271066778
11690;62.573786016097245
11691;55.66924038404137
11692;48.747737362061955
11693;41.811385307063375
11694;34.86229709905295
11695;27.902589497661484
11696;20.934382497176575
11697;13.959798680998443
11698;6.980962574921838
11699;7.447338092343719E-12
11700;-6.980962574918312
11701;-13.959798680994917
11702;-20.93438249717305
11703;-27.90258949764663
11704;-34.862297099049435
11705;-41.811385307059865
11706;-48.74773736205846
11707;-55.66924038402662
11708;-62.573786016082536
11709;-69.45927106677452
11710;-76.32359815062127
11711;-83.16467632709691
11712;-89.98042173754015
11713;-96.76875823987326
11714;-103.52761804100443
11715;-110.25494232679675
11716;-116.94868188909273
11717;-123.60679774996714
11718;-130.2272617828626
11719;-136.80805733026835
11720;-143.34717981811127
11721;-149.84263736635694
11722;-156.29245139571307
11723;-162.69465723032454
11724;-169.04730469627478
11725;-175.3484587156269
11726;-181.5961998958257
11727;-187.78862511434403
11728;-193.92384809853343
11729;-199.9999999999995
11730;-206.0152299640123
11731;-211.96770569328316
11732;-217.85561400601284
11733;-223.6771613882921
11734;-229.4305745404127
11735;-235.11410091699355
11736;-240.7260092608062
11737;-246.26459013026013
11738;-251.7281564199326
11739;-257.11504387462287
11740;-262.4236115961935
11741;-267.6522425435432
11742;-272.79934402500004
11743;-277.86334818359205
11744;-282.842712474613
11745;-287.7359201354631
11746;-292.5414806476637
11747;-297.25793019095397
11748;-301.88383208911324
11749;-306.4177772475816
11750;-310.8583845827867
11751;-315.2043014426878
11752;-319.45420401892363
11753;-323.6067977499725
11754;-327.6608177155975
11755;-331.615029022018
11756;-335.46822717816525
11757;-339.21923846256664
11758;-342.86692028084764
11759;-346.4101615137729
11760;-349.8478828557563
11761;-353.1790371435693
11762;-356.402609675341
11763;-359.51761851966626
11764;-362.52311481465995
11765;-365.41818305703606
11766;-368.20194138097236
11767;-370.873541826716
11768;-373.43217059888207
11769;-375.8770483143611
11770;-378.20743023972494
11771;-380.4226065180635
11772;-382.5219023852131
11773;-384.5046783753268
11774;-386.3703305156269
11775;-388.11829051039564
11776;-389.7480259140941
11777;-391.25904029352256
11778;-392.65087337906385
11779;-393.92310120488185
11780;-395.0753362380558
11781;-396.1072274966257
11782;-397.0184606565282
11783;-397.80875814730894
11784;-398.4778792366989
11785;-399.02562010392955
11786;-399.4518139018295
11787;-399.7563308076383
11788;-399.93907806255635
11789;-400.0
11790;-399.93907806255646
11791;-399.75633080763856
11792;-399.4518139018299
11793;-399.02562010392927
11794;-398.4778792366996
11795;-397.80875814730973
11796;-397.01846065652916
11797;-396.10722749662676
11798;-395.075336238057
11799;-393.92310120488315
11800;-392.65087337906533
11801;-391.25904029352415
11802;-389.7480259140933
11803;-388.11829051039757
11804;-386.37033051562895
11805;-384.504678375329
11806;-382.5219023852121
11807;-380.42260651806595
11808;-378.20743023972744
11809;-375.8770483143638
11810;-373.43217059888485
11811;-370.87354182671896
11812;-368.2019413809754
11813;-365.41818305703924
11814;-362.52311481466324
11815;-359.5176185196697
11816;-356.4026096753446
11817;-353.179037143573
11818;-349.84788285576013
11819;-346.4101615137768
11820;-342.8669202808517
11821;-339.2192384625708
11822;-335.4682271781695
11823;-331.6150290220224
11824;-327.660817715602
11825;-323.6067977499771
11826;-319.4542040189215
11827;-315.2043014426926
11828;-310.85838458279164
11829;-306.4177772475866
11830;-301.8838320891109
11831;-297.2579301909592
11832;-292.54148064766906
11833;-287.7359201354686
11834;-282.84271247461857
11835;-277.8633481835977
11836;-272.7993440250057
11837;-267.65224254354905
11838;-262.4236115961994
11839;-257.11504387462014
11840;-251.7281564199387
11841;-246.2645901302663
11842;-240.72600926081248
11843;-235.1141009169907
11844;-229.4305745404191
11845;-223.67716138829857
11846;-217.8556140060194
11847;-211.96770569328018
11848;-206.015229964019
11849;-200.00000000000625
11850;-193.92384809854028
11851;-187.78862511435094
11852;-181.59619989583265
11853;-175.34845871563394
11854;-169.04730469628188
11855;-162.6946572303317
11856;-156.29245139570983
11857;-149.84263736636422
11858;-143.3471798181186
11859;-136.80805733027572
11860;-130.22726178285927
11861;-123.6067977499746
11862;-116.94868188910024
11863;-110.25494232680431
11864;-103.527618041001
11865;-96.76875823988087
11866;-89.9804217375478
11867;-83.16467632710459
11868;-76.32359815062895
11869;-69.45927106678224
11870;-62.573786016090274
11871;-55.66924038403438
11872;-48.74773736206623
11873;-41.81138530706767
11874;-34.86229709905725
11875;-27.902589497654446
11876;-20.934382497180877
11877;-13.959798680991389
11878;-6.98096257492615
11879;-3.9089660670861166E-13
11880;6.980962574914002
11881;13.959798680990609
11882;20.934382497168748
11883;27.90258949765367
11884;34.86229709905647
11885;41.81138530705558
11886;48.74773736205418
11887;55.6692403840336
11888;62.57378601608951
11889;69.45927106677028
11890;76.32359815061703
11891;83.16467632709269
11892;89.98042173754703
11893;96.76875823986907
11894;103.52761804100025
11895;110.25494232679263
11896;116.94868188909948
11897;123.60679774997388
11898;130.22726178285853
11899;136.80805733026432
11900;143.34717981810726
11901;149.8426373663635
11902;156.29245139570912
11903;162.6946572303206
11904;169.04730469627088
11905;175.34845871563323
11906;181.59619989582185
11907;187.78862511435022
11908;193.92384809852967
11909;200.0000000000056
11910;206.01522996401832
11911;211.96770569327953
11912;217.8556140060092
11913;223.6771613882885
11914;229.43057454041846
11915;235.11410091699005
11916;240.72600926081185
11917;246.2645901302567
11918;251.72815641993807
11919;257.1150438746195
11920;262.42361159619884
11921;267.65224254354
11922;272.7993440250052
11923;277.863348183589
11924;282.84271247461794
11925;287.7359201354601
11926;292.54148064766076
11927;297.2579301909511
11928;301.8838320891104
11929;306.4177772475861
11930;310.858384582784
11931;315.20430144269216
11932;319.454204018921
11933;323.60679774997664
11934;327.66081771559504
11935;331.61502902202193
11936;335.46822717816286
11937;339.2192384625704
11938;342.8669202808454
11939;346.4101615137708
11940;349.8478828557543
11941;353.1790371435726
11942;356.40260967534425
11943;359.51761851966444
11944;362.52311481465813
11945;365.4181830570343
11946;368.2019413809752
11947;370.8735418267144
11948;373.43217059888053
11949;375.8770483143596
11950;378.20743023972716
11951;380.42260651806214
11952;382.5219023852119
11953;384.5046783753256
11954;386.3703305156287
11955;388.1182905103974
11956;389.7480259140932
11957;391.2590402935216
11958;392.650873379063
11959;393.92310120488304
11960;395.07533623805506
11961;396.1072274966267
11962;397.0184606565277
11963;397.8087581473096
11964;398.4778792366986
11965;399.0256201039292
11966;399.45181390182927
11967;399.7563308076385
11968;399.9390780625564
11969;400.0
11970;399.9390780625565
11971;399.75633080763873
11972;399.45181390182955
11973;399.0256201039296
11974;398.47787923669904
11975;397.8087581473102
11976;397.0184606565283
11977;396.1072274966274
11978;395.07533623805585
11979;393.9231012048839
11980;392.65087337906397
11981;391.259040293525
11982;389.74802591409434
11983;388.11829051039865
11984;386.37033051563003
11985;384.50467837532705
11986;382.52190238521337
11987;380.4226065180638
11988;378.20743023972886
11989;375.8770483143614
11990;373.43217059888644
11991;370.8735418267163
11992;368.20194138097713
11993;365.4181830570364
11994;362.52311481466506
11995;359.51761851966666
11996;356.4026096753465
11997;353.179037143575
11998;349.8478828557622
11999;346.4101615137733
12000;342.86692028084803
12001;339.2192384625731
12002;335.46822717817184
12003;331.61502902202477
12004;327.66081771559794
12005;323.60679774997965
12006;319.4542040189241
12007;315.2043014426953
12008;310.8583845827872
12009;306.41777724758936
12010;301.88383208911375
12011;297.2579301909621
12012;292.5414806476643
12013;287.7359201354637
12014;282.8427124746216
12015;277.8633481836008
12016;272.79934402500896
12017;267.65224254354376
12018;262.4236115962027
12019;257.11504387462344
12020;251.72815641994202
12021;246.26459013026073
12022;240.72600926081589
12023;235.11410091699418
12024;229.43057454042264
12025;223.67716138829272
12026;217.8556140060135
12027;211.96770569328382
12028;206.0152299640227
12029;200.00000000001003
12030;193.9238480985341
12031;187.78862511435474
12032;181.59619989582637
12033;175.34845871563783
12034;169.0473046962755
12035;162.69465723033562
12036;156.29245139571378
12037;149.84263736636822
12038;143.347179818112
12039;136.8080573302691
12040;130.22726178286334
12041;123.60679774997871
12042;116.94868188910436
12043;110.2549423267975
12044;103.52761804100518
12045;96.76875823987402
12046;89.98042173755199
12047;83.16467632709768
12048;76.3235981506332
12049;69.4592710667753
12050;62.57378601609454
12051;55.66924038403865
12052;48.74773736207052
12053;41.81138530706065
12054;34.86229709906154
12055;27.90258949765875
12056;20.934382497185187
12057;13.9597986809957
12058;6.980962574919094
12059;4.703138893235107E-12
12060;-6.9809625749210555
12061;-13.9597986809863
12062;-20.93438249717579
12063;-27.902589497649366
12064;-34.86229709905218
12065;-41.81138530705129
12066;-48.74773736206118
12067;-55.66924038402934
12068;-62.57378601608524
12069;-69.45927106676602
12070;-76.32359815062397
12071;-83.1646763270996
12072;-89.98042173754284
12073;-96.7687582398649
12074;-103.52761804099609
12075;-110.2549423267994
12076;-116.94868188909535
12077;-123.60679774996977
12078;-130.22726178285444
12079;-136.8080573302709
12080;-143.34717981811383
12081;-149.8426373663595
12082;-156.29245139570514
12083;-162.69465723032704
12084;-169.04730469627728
12085;-175.34845871562936
12086;-181.59619989581802
12087;-187.78862511434644
12088;-193.92384809853584
12089;-200.00000000000188
12090;-206.01522996401465
12091;-211.96770569327583
12092;-217.85561400601514
12093;-223.67716138829437
12094;-229.43057454041497
12095;-235.1141009169866
12096;-240.72600926080838
12097;-246.2645901302623
12098;-251.72815641993475
12099;-257.1150438746162
12100;-262.4236115961956
12101;-267.65224254354524
12102;-272.79934402500203
12103;-277.86334818359404
12104;-282.8427124746149
12105;-287.73592013546505
12106;-292.54148064765786
12107;-297.2579301909558
12108;-301.8838320891076
12109;-306.41777724758333
12110;-310.8583845827813
12111;-315.2043014426895
12112;-319.4542040189184
12113;-323.6067977499741
12114;-327.6608177155991
12115;-331.61502902201954
12116;-335.4682271781667
12117;-339.2192384625681
12118;-342.86692028084906
12119;-346.41016151376857
12120;-349.8478828557577
12121;-353.1790371435706
12122;-356.40260967534226
12123;-359.5176185196625
12124;-362.5231148146611
12125;-365.4181830570372
12126;-368.2019413809735
12127;-370.87354182671277
12128;-373.43217059888303
12129;-375.877048314362
12130;-378.2074302397258
12131;-380.42260651806436
12132;-382.52190238521064
12133;-384.50467837532756
12134;-386.3703305156276
12135;-388.1182905103963
12136;-389.74802591409224
12137;-391.25904029352307
12138;-392.65087337906436
12139;-393.9231012048823
12140;-395.0753362380544
12141;-396.1072274966261
12142;-397.01846065652853
12143;-397.80875814730916
12144;-398.4778792366982
12145;-399.02562010392893
12146;-399.4518139018296
12147;-399.7563308076384
12148;-399.93907806255635
12149;-400.0
12150;-399.9390780625564
12151;-399.7563308076385
12152;-399.4518139018298
12153;-399.0256201039299
12154;-398.4778792366994
12155;-397.80875814730945
12156;-397.0184606565288
12157;-396.10722749662796
12158;-395.0753362380566
12159;-393.9231012048827
12160;-392.6508733790648
12161;-391.2590402935236
12162;-389.7480259140953
12163;-388.1182905103969
12164;-386.37033051563117
12165;-384.50467837532824
12166;-382.5219023852146
12167;-380.4226065180651
12168;-378.20743023972653
12169;-375.8770483143628
12170;-373.4321705988839
12171;-370.8735418267179
12172;-368.20194138097435
12173;-365.4181830570381
12174;-362.52311481466205
12175;-359.51761851966853
12176;-356.40260967534334
12177;-353.17903714357703
12178;-349.84788285575877
12179;-346.41016151377545
12180;-342.86692028085025
12181;-339.21923846257533
12182;-335.468227178168
12183;-331.61502902202085
12184;-327.6608177156004
12185;-323.6067977499755
12186;-319.4542040189267
12187;-315.20430144269096
12188;-310.85838458278994
12189;-306.41777724758487
12190;-301.8838320891166
12191;-297.2579301909574
12192;-292.5414806476672
12193;-287.73592013546664
12194;-282.84271247462465
12195;-277.86334818359575
12196;-272.79934402500373
12197;-267.652242543547
12198;-262.42361159620594
12199;-257.11504387462674
12200;-251.72815641993657
12201;-246.2645901302641
12202;-240.72600926081935
12203;-235.1141009169977
12204;-229.43057454041687
12205;-223.67716138829633
12206;-217.8556140060171
12207;-211.96770569328746
12208;-206.01522996401664
12209;-200.00000000000392
12210;-193.9238480985379
12211;-187.78862511435855
12212;-181.5961998958302
12213;-175.34845871563147
12214;-169.0473046962794
12215;-162.6946572303292
12216;-156.29245139571776
12217;-149.84263736636169
12218;-143.34717981811602
12219;-136.80805733027316
12220;-130.2272617828674
12221;-123.60679774997199
12222;-116.94868188909761
12223;-110.25494232680167
12224;-103.52761804100933
12225;-96.76875823987821
12226;-89.98042173754513
12227;-83.16467632710189
12228;-76.32359815062627
12229;-69.45927106677954
12230;-62.57378601608756
12231;-55.669240384042915
12232;-48.74773736206351
12233;-41.81138530706494
12234;-34.862297099054516
12235;-27.90258949766305
12236;-20.934382497178138
12237;-13.959798681000008
12238;-6.980962574923405
12239;2.3533025924000006E-12
12240;6.980962574916745
12241;13.959798680993352
12242;20.934382497171487
12243;27.902589497656404
12244;34.86229709904788
12245;41.81138530705831
12246;48.747737362056895
12247;55.66924038403632
12248;62.57378601608099
12249;69.45927106677297
12250;76.32359815061973
12251;83.16467632709538
12252;89.98042173753863
12253;96.76875823987174
12254;103.5276180410029
12255;110.25494232679524
12256;116.94868188909125
12257;123.60679774996566
12258;130.22726178286112
12259;136.80805733026688
12260;143.3471798181098
12261;149.8426373663555
12262;156.29245139571162
12263;162.69465723032312
12264;169.04730469627336
12265;175.34845871562547
12266;181.5961998958243
12267;187.78862511435267
12268;193.92384809853206
12269;199.99999999999812
12270;206.01522996401096
12271;211.96770569328183
12272;217.8556140060115
12273;223.6771613882908
12274;229.4305745404114
12275;235.11410091699227
12276;240.726009260814
12277;246.26459013025888
12278;251.72815641993137
12279;257.1150438746217
12280;262.4236115962009
12281;267.65224254354206
12282;272.7993440249989
12283;277.863348183591
12284;282.84271247461993
12285;287.73592013546204
12286;292.54148064766264
12287;297.25793019095295
12288;301.8838320891122
12289;306.4177772475806
12290;310.85838458278573
12291;315.2043014426868
12292;319.4542040189226
12293;323.6067977499716
12294;327.6608177155966
12295;331.6150290220171
12296;335.4682271781644
12297;339.21923846257187
12298;342.86692028084684
12299;346.41016151377215
12300;349.8478828557556
12301;353.1790371435739
12302;356.40260967534033
12303;359.51761851966563
12304;362.52311481465927
12305;365.41818305703544
12306;368.2019413809718
12307;370.87354182671544
12308;373.4321705988815
12309;375.8770483143606
12310;378.2074302397244
12311;380.422606518063
12312;382.5219023852127
12313;384.5046783753264
12314;386.3703305156294
12315;388.1182905103953
12316;389.7480259140938
12317;391.25904029352216
12318;392.65087337906357
12319;393.92310120488156
12320;395.0753362380555
12321;396.10722749662705
12322;397.018460656528
12323;397.80875814730877
12324;398.4778792366988
12325;399.02562010392944
12326;399.4518139018294
12327;399.7563308076382
12328;399.9390780625563
12329;400.0
12330;399.93907806255646
12331;399.7563308076386
12332;399.45181390182995
12333;399.02562010392944
12334;398.47787923669875
12335;397.8087581473099
12336;397.0184606565293
12337;396.107227496627
12338;395.07533623805546
12339;393.92310120488344
12340;392.6508733790656
12341;391.2590402935245
12342;389.7480259140937
12343;388.11829051039797
12344;386.37033051562935
12345;384.50467837532943
12346;382.52190238521257
12347;380.42260651806646
12348;378.20743023972796
12349;375.8770483143643
12350;373.4321705988854
12351;370.87354182671527
12352;368.20194138097605
12353;365.4181830570399
12354;362.52311481466387
12355;359.51761851966546
12356;356.4026096753453
12357;353.17903714357374
12358;349.8478828557609
12359;346.4101615137719
12360;342.86692028085247
12361;339.21923846257164
12362;335.4682271781703
12363;331.61502902202324
12364;327.6608177156029
12365;323.606797749978
12366;319.45420401892244
12367;315.2043014426936
12368;310.85838458278545
12369;306.41777724758765
12370;301.88383208911193
12371;297.2579301909603
12372;292.54148064766235
12373;287.73592013546966
12374;282.84271247461965
12375;277.8633481835988
12376;272.7993440250069
12377;267.6522425435502
12378;262.4236115962006
12379;257.11504387462134
12380;251.7281564199399
12381;246.26459013026755
12382;240.72600926081373
12383;235.11410091699196
12384;229.43057454042037
12385;223.67716138829988
12386;217.8556140060207
12387;211.96770569328152
12388;206.01522996402034
12389;200.00000000000765
12390;193.92384809854167
12391;187.78862511435233
12392;181.59619989582393
12393;175.34845871563536
12394;169.0473046962833
12395;162.69465723033312
12396;156.29245139571125
12397;149.84263736636566
12398;143.34717981812005
12399;136.8080573302772
12400;130.22726178286075
12401;123.6067977499761
12402;116.94868188910172
12403;110.25494232680579
12404;103.52761804100253
12405;96.76875823987136
12406;89.98042173754934
12407;83.16467632710611
12408;76.3235981506305
12409;69.45927106677259
12410;62.57378601609182
12411;55.66924038403593
12412;48.74773736206779
12413;41.81138530705792
12414;34.86229709905881
12415;27.90258949765601
12416;20.934382497182444
12417;13.959798680992957
12418;6.980962574927717
12419;1.9589396941264946E-12
12420;-6.980962574912433
12421;-13.95979868098904
12422;-20.934382497178532
12423;-27.9025894976521
12424;-34.862297099054906
12425;-41.811385307054024
12426;-48.7477373620639
12427;-55.66924038403206
12428;-62.57378601608795
12429;-69.45927106676874
12430;-76.32359815062667
12431;-83.16467632709116
12432;-89.98042173754551
12433;-96.76875823986755
12434;-103.52761804099875
12435;-110.25494232679111
12436;-116.948681889098
